src,dest,relationship
Otto,Doug,Otto->Doug
Val,Doug,Val->Doug
Phil,Doug,Phil->Doug
Cody,Otto,Cody->Otto
Cam,Otto,Cam->Otto
Carson,Cody,Carson->Cody
Ima,Cody,Ima->Cody
Robin,Cam,Robin->Cam
Wanda,Cam,Wanda->Cam
Rich,Val,Rich->Val
Roman,Val,Roman->Val
Luke,Rich,Luke->Rich
Juana,Rich,Juana->Rich
Sally,Roman,Sally->Roman
Count,Roman,Count->Roman
Buddy,Phil,Buddy->Phil
Owen,Phil,Owen->Phil
Lynn,Phil,Lynn->Phil
Bob,Phil,Bob->Phil